DateID,ProductID,StoreID,CustomerID,QuantityOrderded,OrderAmount,DiscountAmount,Shipping Cost,TotalAmount
20240728,962,12,985,12,998,142.62331464209953,85.60561382191878,769.7710715359817
20240728,780,12,252,8,843,98.07259970514244,95.49378533832986,649.4336149565277
20240728,71,12,655,19,873,32.04316421328676,61.81665501950789,779.1401807672054
20240728,691,12,87,16,699,76.69828310967199,94.9758937430347,527.3258231472932
20240728,509,12,137,15,198,29.126254168072723,15.686167585839767,153.18757824608753
20240728,468,12,415,17,171,8.991057639049497,23.150998584835833,138.85794377611467
20240728,852,12,264,8,325,23.892995263773624,29.066722930106916,272.0402818061195
20240728,606,12,770,19,768,29.984802547499434,76.89583796353037,661.1193594889702
20240728,658,12,956,15,107,2.558758206801286,15.273881649196346,89.16736014400237
20240728,524,12,212,9,467,22.28043802182046,50.32063621307731,394.39892576510226
20240728,996,12,530,13,349,19.47855162612108,42.409332874469065,287.11211549940987
20240728,363,12,659,4,763,55.23774820025848,40.039070746340165,667.7231810534014
20240728,711,12,222,15,677,90.23662459793313,53.37692462603204,533.3864507760348
20240728,782,12,149,5,959,128.09045232264478,112.4515762325551,718.4579714448001
20240728,329,12,650,16,865,116.651288373563,122.6539475637282,625.6947640627088
20240728,698,12,934,5,720,58.41711043618943,37.9078631245042,623.6750264393064
20240728,574,12,868,4,519,48.815452224504014,38.396506208815694,431.7880415666803
20240728,26,12,965,16,933,38.875521545693545,87.22570082049766,806.8987776338088
20240728,110,12,107,20,538,22.397545236940815,78.35553631958395,437.24691844347524
20240728,421,12,834,14,620,74.60225411745621,45.42272440100264,499.97502148154115
20240728,425,12,436,19,766,33.974910523792175,90.45061933682553,641.5744701393824
20240728,603,12,355,20,146,8.260094574213163,14.231203710559646,123.50870171522719
20240728,916,12,611,8,691,101.36495854985708,99.97697610322645,489.6580653469165
20240728,417,12,102,11,220,20.047362234183797,12.050167138961905,187.9024706268543
20240728,671,12,572,13,988,137.9146009941945,53.10818763082152,796.977211374984
20240728,22,12,634,17,330,14.972121186394483,40.14203341281383,274.8858454007917
20240728,731,12,874,18,932,108.17014559711896,86.09640091263252,737.7334534902485
20240728,500,12,721,2,341,21.60949638483946,40.08620761001066,279.30429600514987
20240728,127,12,908,20,430,35.90589732822266,49.107241841532385,344.98686083024495
20240728,422,12,927,1,757,51.17892148716081,68.00186591030466,637.8192126025345
20240728,232,12,589,3,607,37.079138645384255,82.44165176988085,487.4792095847349
20240728,176,12,623,20,238,12.379322280287349,32.361586298079125,193.2590914216335
20240728,275,12,87,9,863,114.39812004809669,64.9620260167371,683.6398539351662
20240728,760,12,414,15,507,69.80541012808322,48.01673453505371,389.1778553368631
20240728,271,12,852,16,718,62.803271498799056,56.58195861972428,598.6147698814766
20240728,973,12,745,7,994,119.07252249463066,65.57163053427507,809.3558469710943
20240728,804,12,132,7,458,55.08647777724527,59.614956684685666,343.29856553806906
20240728,434,12,145,14,742,22.718484793336753,52.03221635681621,667.249298849847
20240728,702,12,938,4,940,132.8908079566205,67.38848616622174,739.7207058771578
20240728,918,12,234,5,777,66.11044271304382,107.10321638609283,603.7863409008634
20240728,832,12,875,6,599,75.70080714349301,31.237426221126775,492.0617666353802
20240728,546,12,268,1,484,69.78619306129043,47.87846940260331,366.3353375361063
20240728,930,12,129,12,923,134.29736641879813,128.33094933202037,660.3716842491815
20240728,357,12,976,15,703,98.45123114942902,78.18796874201318,526.3608001085578
20240728,390,12,694,12,816,72.47272079236372,45.85576252995722,697.671516677679
20240728,377,12,452,8,143,8.193985142535672,8.265929752392205,126.54008510507212
20240728,840,12,206,19,158,9.168877770248155,14.062800900943694,134.76832132880816
20240728,765,12,507,9,251,25.876152387207238,22.675844901877912,202.44800271091486
20240728,924,12,356,15,594,35.64021427892448,85.00864026022224,473.3511454608533
20240728,988,12,256,15,873,71.72013766407012,89.70527073437398,711.5745916015559
20240728,703,12,528,11,562,75.72693372863675,59.08600244967746,427.1870638216858
20240728,212,12,183,7,345,39.559114193755384,39.04396149947385,266.39692430677076
20240728,986,12,141,14,731,85.41917263491952,42.66168738198372,602.9191399830968
20240728,741,12,219,7,548,67.35353057833068,44.03987825573999,436.60659116592933
20240728,213,12,370,12,734,30.823925126891915,72.27883819214561,630.8972366809625
20240728,223,12,221,8,205,8.145572235121488,23.667146356762732,173.18728140811578
20240728,841,12,337,11,778,107.78425418738036,83.24640048173403,586.9693453308856
20240728,704,12,865,7,701,38.954850547684856,73.18420492197886,588.8609445303363
20240728,215,12,365,5,497,10.765002031646098,52.284827487872484,433.9501704804814
20240728,879,12,975,10,866,129.07768162070832,59.61512909011774,677.307189289174
20240728,975,12,851,14,675,32.18549016880622,47.910192738812164,594.9043170923816
20240728,143,12,529,8,263,16.62566199970765,34.669979266189635,211.7043587341027
20240728,271,12,73,18,889,102.18675701241958,76.0122416180147,710.8010013695657
20240728,343,12,543,14,174,22.422603028390245,22.90102887945379,128.67636809215597
20240728,134,12,822,10,992,49.765197886713196,113.89309986074493,828.3417022525418
20240728,761,12,458,6,467,65.26768057296556,60.26528455219751,341.46703487483694
20240728,129,12,867,5,452,25.581873968887773,47.809911751901765,378.6082142792105
20240728,535,12,967,6,490,24.709734772672256,43.662731031299785,421.62753419602797
20240728,48,12,68,12,592,51.10123854455493,86.43219101316278,454.4665704422823
20240728,99,12,397,7,226,27.69888447059274,16.942726859930616,181.35838866947665
20240728,460,12,537,18,430,12.41873339020213,54.681673234632996,362.89959337516484
20240728,709,12,936,19,756,84.21668277661983,103.9142410080768,567.8690762153034
20240728,86,12,552,10,143,15.556232320109753,7.252128401353068,120.19163927853718
20240728,70,12,484,5,971,86.26185386835985,57.20407494915527,827.5340711824849
20240728,848,12,170,16,356,41.159602359368286,36.106284868733766,278.7341127718979
20240728,871,12,717,3,178,11.566599366951259,20.056869620644033,146.3765310124047
20240728,229,12,361,9,999,100.67598568524548,49.96667485325677,848.3573394614978
20240728,613,12,248,15,318,39.671779082223075,32.7342152642501,245.59400565352684
20240728,469,12,975,20,283,15.23384934903189,33.75485843148118,234.01129221948693
20240728,468,12,245,17,342,35.950532767490415,26.217777730941116,279.83168950156846
20240728,427,12,79,16,341,29.199432882670727,34.56388006572021,277.23668705160907
20240728,316,12,595,1,917,134.21675381387303,91.41327572786726,691.3699704582598
20240728,80,12,526,6,416,30.900009183605263,25.043688005295618,360.0563028110991
20240728,755,12,713,16,439,23.12101432374417,26.542411775801842,389.33657390045397
20240728,257,12,886,10,128,17.529472537218844,16.283559396206,94.18696806657516
20240728,109,12,452,14,560,65.4996370721389,81.44160567653883,413.0587572513223
20240728,729,12,759,12,523,16.71135447864613,50.06694161327522,456.22170390807867
20240728,196,12,653,9,402,49.41411652217897,29.381182468534078,323.20470100928696
20240728,387,12,35,14,808,63.37251022842023,52.495706003984445,692.1317837675954
20240728,814,12,452,14,125,13.260202065761879,14.524023659795578,97.21577427444254
20240728,113,12,358,14,721,106.76921661191942,64.46584219014579,549.7649411979348
20240728,547,12,787,13,495,13.234811558266944,58.399643202595904,423.36554523913713
20240728,876,12,710,9,307,40.028344134014596,18.025105460558624,248.94655040542676
20240728,89,12,613,15,125,8.767522543836737,8.062986119447423,108.16949133671584
20240728,468,12,481,12,185,22.194314350123015,20.62797095294299,142.177714696934
20240728,368,12,673,13,808,87.79642029671541,90.73537770877421,629.4682019945103
20240728,896,12,297,17,929,77.70694394371365,124.375965603679,726.9170904526073
20240728,991,12,436,16,186,11.928700640262232,24.925787884183638,149.14551147555414
20240728,301,12,298,4,520,77.73741095944561,76.64660336385485,365.61598567669955
20240728,326,12,552,8,920,113.90066331873243,59.06607126970843,747.0332654115591
20240728,126,12,779,2,227,18.552451293073503,26.319071835246298,182.1284768716802
20240728,263,12,869,11,531,64.88213012324468,71.63678543378151,394.48108444297384
20240728,71,12,4,14,982,50.386274911552235,125.80969358842752,805.8040315000203
20240728,464,12,211,15,398,24.15176808824869,27.79808823406407,346.05014367768723
20240728,700,12,985,6,300,29.960302535591424,35.33892028381914,234.70077718058943
20240728,144,12,905,15,983,58.27862633683734,121.09667311514627,803.6247005480163
20240728,102,12,662,11,954,81.24662995296742,125.40577132645443,747.3475987205782
20240728,678,12,597,20,719,34.537113000632715,47.77952176737608,636.6833652319912
20240728,305,12,322,10,772,40.31135536402042,39.776270512819,691.9123741231606
20240728,56,12,829,1,299,40.563019425145505,20.629491692093485,237.807488882761
20240728,751,12,853,4,871,122.21799587174495,61.05118761491458,687.7308165133404
20240728,555,12,310,13,352,46.599644784949675,45.45290164487626,259.94745357017405
20240728,732,12,845,15,253,8.577315635629724,24.684407100393816,219.73827726397644
20240728,473,12,599,2,104,9.89630032532696,5.766236755485262,88.33746291918777
20240728,994,12,293,19,582,15.815700113230392,51.839577507558836,514.3447223792108
20240728,126,12,229,10,532,64.47682911641736,33.22975853768041,434.2934123459022
20240728,838,12,609,1,471,57.553008001413204,59.276871750038694,354.1701202485481
20240728,872,12,454,14,296,33.51941573961927,18.49634757771212,243.9842366826686
20240728,231,12,57,20,625,81.39101752823528,47.78851949376292,495.8204629780018
20240728,899,12,198,12,232,15.733647384003742,27.292042394937344,188.97431022105891
20240728,689,12,103,10,480,33.482514580512365,30.546609084278394,415.97087633520925
20240728,844,12,953,7,965,86.38467102887311,115.23828758928252,763.3770413818444
20240728,755,12,996,9,867,52.63039035054972,110.83901992871075,703.5305897207395
20240728,257,12,37,9,375,20.93344672849134,53.056856594935745,301.0096966765729
20240728,115,12,391,3,536,45.79525664846379,67.57151132224153,422.6332320292947
20240728,340,12,819,19,273,31.59129180131564,18.422816078859515,222.98589211982483
20240728,735,12,615,11,464,57.579547486878376,38.30891466164641,368.1115378514752
20240728,27,12,101,19,881,17.734539164606637,102.72887686985844,760.5365839655349
20240728,867,12,981,19,483,32.038744644952914,29.769400624975955,421.1918547300711
20240728,56,12,486,12,860,24.803388093628246,48.49350754757469,786.7031043587971
20240728,566,12,515,17,317,38.05604673744543,24.81628335576509,254.1276699067895
20240728,563,12,84,1,669,19.82010540736406,83.37428902021311,565.8056055724228
20240728,263,12,777,12,712,84.26555402813676,68.65996925945224,559.0744767124111
20240728,316,12,348,2,338,42.95409559306031,37.705284740025746,257.34061966691394
20240728,266,12,759,17,112,12.545160015817675,11.852090669548783,87.60274931463354
20240728,273,12,301,4,198,19.366899254164053,28.94516122667855,149.6879395191574
20240728,92,12,956,20,184,15.101422832025003,10.930016214915533,157.96856095305947
20240728,67,12,605,9,605,57.57032739314386,71.41706470867618,476.01260789817997
20240728,597,12,588,6,607,53.80611810112411,35.751533883414396,517.4423480154614
20240728,949,12,768,3,422,55.93004262923986,30.76742319892781,335.30253417183235
20240728,9,12,768,10,423,13.737054319406656,61.44158316976818,347.82136251082517
20240728,792,12,379,1,587,26.494751793351114,62.111824994873054,498.3934232117758
20240728,375,12,670,6,846,50.228897398380994,110.05507354643368,685.7160290551853
20240728,106,12,394,4,761,94.87348310200032,55.89027075149567,610.2362461465041
20240728,873,12,15,20,671,41.88336376964931,42.965237157674906,586.1513990726758
20240728,702,12,297,8,292,8.701611679331437,23.97707062604072,259.32131769462785
20240728,578,12,501,16,511,75.70787224428828,37.14056146266788,398.15156629304386
20240728,532,12,915,4,147,21.29912801178032,21.92786344001484,103.77300854820484
20240728,407,12,932,17,793,118.55587704620713,74.96067249557206,599.4834504582209
20240728,375,12,275,12,390,25.413697216740097,47.5267749983006,317.0595277849593
20240728,55,12,827,19,890,105.5992772500669,80.67828137629581,703.7224413736373
20240728,13,12,870,6,193,5.45892264718084,27.386388535833333,160.1546888169858
20240728,827,12,474,11,241,16.493885240877052,24.144044663971503,200.36207009515144
20240728,845,12,462,1,920,90.47772787343156,63.956992646785665,765.5652794797827
20240728,561,12,558,17,820,107.78722691080856,51.84281192347554,660.369961165716
20240728,661,12,583,4,236,33.76561367210396,25.81844792390821,176.41593840398784
20240728,563,12,639,6,172,19.022007114454603,18.351534735353376,134.62645815019204
20240728,180,12,527,7,351,7.023096349796481,37.15668907930906,306.82021457089445
20240728,897,12,990,9,798,60.244749746991076,115.76574514868037,621.9895051043286
20240728,663,12,239,4,522,52.07806610952954,26.852025683314068,443.0699082071564
20240728,588,12,327,5,314,27.00957496023358,18.837376508330006,268.1530485314364
20240728,576,12,865,17,571,15.22574061846742,50.7232204915506,505.051038889982
20240728,350,12,100,6,844,72.29670537663925,111.2184859369916,660.4848086863692
20240728,212,12,988,18,197,15.674236902424814,15.743363965099263,165.58239913247593
20240728,704,12,41,1,314,27.90752633313417,18.866586770212933,267.2258868966529
20240728,310,12,99,6,578,72.91679008891867,75.61515128913551,429.46805862194583
20240728,586,12,627,8,569,35.21377123693282,39.827519372544195,493.958709390523
20240728,136,12,399,19,927,132.37611272561293,97.07284901552521,697.5510382588618
20240728,373,12,712,15,700,62.56975686258985,59.41138984358499,578.0188532938251
20240728,354,12,145,18,994,20.684217871744963,104.91062803879677,868.4051540894583
20240728,75,12,126,16,930,65.77924105473309,57.29005671528041,806.9307022299865
20240728,126,12,576,16,568,40.273388203794035,74.49837196946592,453.22823982674004
20240728,63,12,241,11,713,105.37160403443872,57.732132943997755,549.8962630215635
20240728,986,12,829,2,928,121.49336410986182,71.44731859475543,735.0593172953827
20240728,76,12,82,2,164,22.657289054385963,13.53984663405253,127.8028643115615
20240728,411,12,794,2,564,28.040709496494845,35.58562835496823,500.37366214853694
20240728,481,12,596,15,452,41.418149426640696,53.79959287312899,356.78225770023033
20240728,707,12,886,10,784,19.36374692547525,50.005169776500054,714.6310832980247
20240728,543,12,320,14,407,33.237554720613524,51.04934219263646,322.71310308675004
20240728,317,12,925,13,396,35.15712578388218,25.147489209579014,335.6953850065388
20240728,159,12,382,17,143,16.59705308630929,7.366143323217347,119.03680359047337
20240728,124,12,862,4,848,111.12454428255373,62.32574406706322,674.5497116503831
20240728,915,12,47,16,374,27.120607286657393,35.24153378838847,311.6378589249541
20240728,216,12,458,8,544,32.83542833882442,32.199042794349054,478.9655288668265
20240728,349,12,374,5,245,8.159629090816937,26.373433492345185,210.46693741683788
20240728,931,12,925,14,174,19.654569458244595,25.44131494528812,128.90411559646728
20240728,874,12,634,19,655,33.141913258040375,94.02253190883805,527.8355548331216
20240728,564,12,183,10,109,14.795299295893926,6.27298801619545,87.93171268791062
20240728,449,12,316,10,181,25.372216347608916,12.65430925247229,142.97347439991879
20240728,545,12,719,7,148,7.5328531452445775,13.329797142237812,127.13734971251762
20240728,844,12,609,10,542,24.318776521042864,55.867924368950185,461.81329911000694
20240728,858,12,703,3,978,22.526609275775762,109.86634803569814,845.6070426885261
20240728,691,12,199,1,841,24.917496811915594,51.634485311621695,764.4480178764627
20240728,385,12,708,16,774,35.38382593812887,68.69325684152102,669.9229172203501
20240728,766,12,296,4,652,22.418926396717797,78.98897590338471,550.5920976998975
20240728,623,12,150,17,279,15.857991972845522,37.42181821534058,225.7201898118139
20240728,656,12,370,17,242,21.583725165532535,35.75926507695509,184.65700975751238
20240728,800,12,14,8,557,39.611354362051884,77.26232369720279,440.12632194074536
20240728,534,12,181,14,889,65.55851063016782,70.96616713982192,752.4753222300103
20240728,126,12,253,1,946,64.34415497670895,95.70809803057436,785.9477469927167
20240728,69,12,679,7,120,4.374915632843012,13.083476187747982,102.54160817940901
20240728,661,12,845,9,870,60.56232244156647,43.89372212148916,765.5439554369443
20240728,534,12,416,7,221,11.229731924430723,11.120565446537372,198.6497026290319
20240728,958,12,695,8,645,56.40103180683838,70.86581840649235,517.7331497866693
20240728,704,12,152,11,943,106.0631818461448,124.3853688493312,712.551449304524
20240728,951,12,890,19,826,40.27527004000448,44.90004585628849,740.824684103707
20240728,630,12,221,4,124,10.119484490768947,15.743438146382067,98.13707736284898
20240728,150,12,269,3,224,33.11940717541094,21.918933350542936,168.96165947404612
20240728,921,12,16,18,675,46.206401823774264,47.44856299083321,581.3450351853926
20240728,970,12,663,17,313,44.34119511854219,15.929867649153453,252.72893723230436
20240728,679,12,92,20,937,56.24136752204312,92.30884195269512,788.4497905252617
20240728,579,12,989,13,874,61.21019904426722,109.14270625014699,703.6470947055858
20240728,393,12,158,12,558,77.87749413505543,32.410808979037576,447.71169688590703
20240728,594,12,958,14,621,73.27294568125038,41.262741724428075,506.46431259432154
20240728,780,12,996,19,785,41.830946936171884,95.80031120145114,647.368741862377
20240728,790,12,449,1,1000,138.81242562634762,88.67126501809567,772.5163093555567
20240728,342,12,7,5,844,104.38111777614867,61.91618768941619,677.7026945344351
20240728,32,12,560,3,600,33.3554595904922,40.780043180277275,525.8644972292306
20240728,380,12,715,18,713,76.15111898584962,95.84697507871944,541.001905935431
20240728,643,12,797,20,135,5.056520722790802,14.996171990898574,114.94730728631063
20240728,270,12,29,11,382,10.430966173374129,35.40616125278815,336.1628725738377
20240728,722,12,179,20,924,115.78790567575543,124.2202167915874,683.9918775326571
20240728,676,12,40,13,814,64.98714375197133,55.05387993513111,693.9589763128976
20240728,902,12,724,18,965,114.48872268334196,68.58717874910162,781.9240985675565
20240728,556,12,743,19,192,25.46602496728061,10.413078484183082,156.1208965485363
20240728,408,12,685,9,766,112.56472754193071,40.24461414142408,613.1906583166452
20240728,360,12,736,4,689,86.37190341721706,81.83868595572837,520.7894106270546
20240728,934,12,93,3,262,12.326682138834038,38.74292531861017,210.9303925425558
20240728,751,12,270,9,733,26.484203494774746,56.16409433924914,650.3517021659761
20240728,206,12,853,6,587,53.72385849853298,48.21965698733106,485.05648451413595
20240728,193,12,70,9,467,61.356845643933944,31.958365130509154,373.68478922555687
20240728,481,12,666,1,707,76.73010477565099,36.37903578123135,593.8908594431176
20240728,930,12,632,20,665,93.51619266855614,49.14704519903303,522.3367621324109
20240728,273,12,986,17,469,29.74775068294054,30.32192167190483,408.93032764515465
20240728,551,12,693,11,240,15.148228312737457,13.203173176119288,211.64859851114326
20240728,576,12,696,1,475,62.31057971489618,33.88365953149089,378.80576075361296
20240728,801,12,921,18,655,49.13018126322643,93.36958428679199,512.5002344499816
20240728,160,12,701,9,682,66.61443860601275,100.96844910976598,514.4171122842213
20240728,993,12,873,9,483,35.08664021645452,26.295063692250412,421.61829609129506
20240728,490,12,750,17,901,24.0319438239564,90.60930561659637,786.3587505594472
20240728,574,12,968,4,333,41.212486777542594,20.507389044771674,271.2801241776857
20240728,843,12,160,14,757,52.7425269276159,41.43608262996558,662.8213904424185
20240728,485,12,971,6,958,55.13040953185741,120.98269287644086,781.8868975917017
20240728,871,12,133,1,229,28.897184963552988,24.81010548907618,175.29270954737083
20240728,974,12,303,7,695,43.36491045675058,46.32438999952026,605.3106995437291
20240728,254,12,208,14,335,35.274507382923495,25.790236542531613,273.9352560745449
20240728,370,12,374,9,921,87.52277231657021,72.04916455135536,761.4280631320744
20240728,16,12,617,7,220,25.45017653541768,25.405199946080543,169.14462351850176
20240728,380,12,233,14,446,56.15158092142573,52.88169725395549,336.9667218246188
20240728,58,12,415,19,697,103.36060539457358,62.801927478318305,530.8374671271081
20240728,505,12,713,12,768,77.23578802234343,70.07441929102852,620.689792686628
20240728,133,12,836,3,394,24.03295193443005,54.174674788326726,315.7923732772432
20240728,9,12,890,6,327,42.25531890941088,39.03488658097536,245.70979450961374
20240728,939,12,451,5,186,5.285796309682635,23.024271635483917,157.68993205483343
20240728,124,12,684,19,682,101.27810474503758,63.06987961892691,517.6520156360355
20240728,207,12,557,11,736,37.94381696463819,52.500797123631116,645.5553859117307
20240728,402,12,435,11,497,65.3210569828424,54.89050117909782,376.7884418380598
20240728,765,12,472,18,130,7.3691950398299175,13.708219374932945,108.92258558523713
20240728,427,12,136,2,317,17.664862670792203,44.77053945050683,254.56459787870097
20240728,601,12,169,16,339,40.027689471501304,46.98936874786605,251.98294178063264
20240728,741,12,870,8,528,16.51902019560122,74.01830385594867,437.4626759484501
20240728,701,12,706,15,816,88.45487979894885,56.97231409539198,670.5728061056592
20240728,547,12,637,11,490,69.25321843053632,32.75746027749972,387.98932129196396
20240728,337,12,527,17,848,84.7627454509572,65.08453418013275,698.1527203689101
20240728,444,12,219,7,888,125.83300736635793,100.83784984675529,661.3291427868868
20240728,492,12,880,12,586,65.9210690458713,31.330760457107072,488.74817049702165
20240728,993,12,757,16,465,38.344162593620126,58.410903371395015,368.24493403498485
20240728,381,12,670,5,529,64.9827314864617,27.33595633913285,436.68131217440543
20240728,471,12,800,9,354,33.61189897975475,33.176185937635296,287.21191508260995
20240728,692,12,908,4,483,55.471083275371726,35.06267841731305,392.4662383073152
20240728,787,12,157,3,280,31.55109379683424,26.694535847152043,221.7543703560137
20240728,267,12,78,10,745,98.67432186171,67.37805444941436,578.9476236888756
20240728,523,12,6,17,229,27.852838742846878,25.60294700879712,175.544214248356
20240728,721,12,58,18,304,34.17118152771036,33.765404942422904,236.06341352986675
20240728,621,12,252,18,879,69.39458991568348,70.43554029792017,739.1698697863964
20240728,459,12,902,11,638,29.912114295558403,79.63285529177789,528.4550304126637
20240728,835,12,118,19,482,52.024458450913855,49.406526301409826,380.5690152476763
20240728,675,12,739,7,336,7.245073452711813,48.01412560472015,280.74080094256806
20240728,325,12,835,18,238,24.519366829895542,31.202667317586375,182.2779658525181
20240728,952,12,508,10,593,43.00727035281658,69.07095268320285,480.92177696398056
20240728,58,12,742,16,895,59.808258238508415,76.5884861991433,758.6032555623483
20240728,223,12,181,12,709,90.63394826010902,50.89120378959065,567.4748479503003
20240728,728,12,823,11,346,37.350731918757496,32.75172425280477,275.89754382843773
20240728,377,12,913,20,175,7.2562591570619555,20.987123937968967,146.75661690496906
20240728,357,12,246,10,772,82.65175217968988,45.56899982412509,643.7792479961851
20240728,51,12,368,4,979,146.37805795736512,110.668170189593,721.9537718530419
20240728,871,12,604,20,555,72.068514335387,75.61295505898333,407.3185306056297
20240728,814,12,835,10,154,12.87941587536605,14.909588452032928,126.21099567260103
20240728,377,12,457,18,778,29.3460024817024,99.97892104262868,648.6750764756689
20240728,448,12,146,6,214,29.478372099363142,29.528878289968436,154.99274961066843
20240728,375,12,558,17,250,34.58927778444935,22.96433030629462,192.44639190925602
20240728,202,12,101,8,915,80.00830318040438,91.11903456600241,743.8726622535933
20240728,709,12,653,20,206,16.746246676594826,19.066844284919778,170.1869090384854
20240728,315,12,343,2,785,104.21102521031095,66.28527928836913,614.50369550132
20240728,651,12,987,20,399,18.868578674688145,54.816244946173164,325.3151763791387
20240728,798,12,507,5,377,51.32288018986558,25.732536935269998,299.9445828748644
20240728,561,12,483,19,704,40.47741728276965,104.9352543100679,558.5873284071624
20240728,978,12,568,20,106,11.157079905055754,10.410940322768715,84.43197977217554
20240728,657,12,489,20,707,95.45792506937535,58.92006957703125,552.6220053535934
20240728,926,12,338,2,739,62.18511651962811,74.55392614445353,602.2609573359184
20240728,400,12,780,12,197,6.985652045633087,22.86100977137396,167.15333818299297
20240728,599,12,949,3,338,40.99708032352624,36.23646218135403,260.76645749511977
20240728,333,12,797,20,826,99.26498706340269,111.18638842566659,615.5486245109307
20240728,246,12,225,17,407,39.101190258469664,55.92201998551785,311.9767897560125
20240728,929,12,703,3,210,27.346353608982326,10.907669966874467,171.7459764241432
20240728,27,12,414,8,743,73.34038683989252,71.80862403394092,597.8509891261665
20240728,326,12,793,13,683,82.66662883593091,76.75124706796888,523.5821240961002
20240728,308,12,939,10,704,81.4341662117134,46.305826948756405,576.2600068395302
20240728,591,12,794,10,881,38.96523658736261,75.62612748502231,766.408635927615
20240728,425,12,996,4,401,23.087732787687287,41.17542610859298,336.7368411037197
20240728,972,12,322,16,341,48.209112645297886,39.00059563802461,253.7902917166775
20240728,93,12,502,8,106,12.851469946087995,10.511458591886484,82.63707146202552
20240728,565,12,353,13,767,50.065623714912185,69.28341381580303,647.6509624692848
20240728,299,12,225,17,759,55.827474528176054,104.68070170132684,598.4918237704971
20240728,657,12,666,12,294,30.503185451556142,23.786390953560982,239.71042359488288
20240728,623,12,870,17,859,30.654071483759562,54.48789360114748,773.858034915093
20240728,26,12,321,10,527,69.0204083872099,63.26222718069574,394.71736443209437
20240728,887,12,311,5,997,102.3720595774339,73.5408827340183,821.0870576885478
20240728,161,12,86,2,784,69.2781752532475,44.64058583503991,670.0812389117126
20240728,986,12,193,18,879,90.07739361598314,107.63277686823173,681.2898295157852
20240728,207,12,675,17,534,58.71795797736849,45.98222878709609,429.29981323553545
20240728,375,12,203,5,254,12.944580564916869,17.013584345254504,224.04183508982862
20240728,477,12,480,16,814,85.71747941149962,61.51649585429171,666.7660247342087
20240728,142,12,366,14,1000,56.578412810591104,80.11998740461348,863.3015997847954
20240728,738,12,780,12,184,14.886450713405413,15.659341347639376,153.45420793895522
20240728,8,12,569,2,808,70.6106938465565,43.31831029673017,694.0709958567134
20240728,117,12,727,6,213,18.28587678958789,18.223870626644583,176.49025258376753
20240728,813,12,819,8,488,21.354719785771444,42.958005354807035,423.6872748594215
20240728,479,12,49,16,874,36.32650329352079,85.62054635643752,752.0529503500417
20240728,831,12,711,3,714,14.834750835549947,44.85527803248539,654.3099711319646
20240728,128,12,377,16,224,6.7617607862346,26.327076716211995,190.9111624975534
20240728,854,12,677,7,231,20.213687420688807,24.40254917772872,186.38376340158248
20240728,751,12,755,1,616,29.531064231015684,91.44217185184293,495.02676391714135
20240728,632,12,491,15,710,23.02965855717984,104.43036971810285,582.5399717247174
20240728,60,12,812,2,798,59.638248888088334,56.98395422835126,681.3777968835604
20240728,557,12,649,15,530,56.635316801997995,77.39924908931337,395.96543410868867
20240728,628,12,563,17,502,53.460275335980775,57.43905131694953,391.1006733470697
20240728,876,12,691,7,429,27.519920223586556,45.13774608591398,356.34233369049946
20240728,635,12,472,16,202,21.836618457688324,13.07270070366078,167.09068083865088
20240728,384,12,789,13,423,34.149223717878975,59.62950723975603,329.221269042365
20240728,137,12,784,8,924,125.88570976400622,89.64596241973187,708.4683278162619
20240728,789,12,330,8,654,41.61335959112438,37.0693105407802,575.3173298680954
20240728,847,12,534,15,716,100.61873556539692,85.51657381587431,529.8646906187288
20240728,233,12,382,6,331,14.561198372106,48.093600110339914,268.3452015175541
20240728,765,12,138,16,863,83.6470501307749,52.63884693946305,726.714102929762
20240728,211,12,816,8,784,31.974721749973472,40.5399736517505,711.485304598276
20240728,33,12,267,6,649,61.34074591114362,71.790493185785,515.8687609030713
20240728,87,12,133,14,593,87.63867430337653,33.666043779868595,471.6952819167549
20240728,184,12,779,14,531,73.3435046243909,40.63068003536421,417.0258153402449
20240728,348,12,277,12,998,115.6712301066866,69.3389439464939,812.9898259468196
20240728,925,12,403,8,213,8.804688689420267,26.216536522417034,177.9787747881627
20240728,71,12,369,13,988,95.86007313633753,61.481735675885055,830.6581911877774
20240728,525,12,66,17,970,70.90784130942767,60.27831690282578,838.8138417877466
20240728,819,12,493,12,643,27.1612953085192,86.48846227757592,529.3502424139049
20240728,174,12,60,3,734,51.399409218725104,75.68286675321123,606.9177240280637
20240728,120,12,381,17,623,29.73493463548641,59.42208879262861,533.842976571885
20240728,160,12,380,2,625,16.286416099814303,56.47344708542805,552.2401368147576
20240728,429,12,197,12,966,134.98267658262205,114.8458731016414,716.1714503157366
20240728,975,12,396,20,869,65.01136948153712,52.78188266728628,751.2067478511766
20240728,931,12,275,17,437,47.951049097032524,46.4328613607599,342.6160895422076
20240728,203,12,125,7,126,6.665359634181697,14.656225433885929,104.67841493193237
20240728,510,12,771,8,952,107.77368014634372,75.89098167809219,768.3353381755641
20240728,335,12,440,5,431,20.525298332406436,35.17984102075847,375.2948606468351
20240728,393,12,238,16,824,72.5520639520008,59.166545931293186,692.281390116706
20240728,575,12,413,13,496,52.0446904951902,34.77191123163782,409.183398273172
20240728,970,12,347,10,253,16.389448850575207,15.531636906400216,221.07891424302457
20240728,377,12,197,14,556,27.261941400836722,64.84957535122622,463.8884832479371
20240728,387,12,935,15,994,25.7767024807482,77.35468468428888,890.868612834963
20240728,490,12,507,4,300,37.48219066475469,28.836422650634702,233.6813866846106
20240728,50,12,476,12,661,87.21028844218412,49.607569394796364,524.1821421630195
20240728,457,12,102,9,142,5.294895888795579,11.623217106510408,125.08188700469401
20240728,216,12,876,1,630,77.84759875177771,36.769517619327644,515.3828836288947
20240728,237,12,301,5,508,69.69718287996588,65.79105150724023,372.5117656127939
20240728,333,12,221,5,939,29.1409256801391,51.85587321282316,858.0032011070377
20240728,592,12,339,13,828,63.4183415524533,72.73525030170659,691.8464081458401
20240728,428,12,56,13,286,16.954740420454694,41.276364086304945,227.76889549324036
20240728,495,12,168,15,997,87.68004358011983,119.12888973428518,790.1910666855949
20240728,228,12,947,15,144,17.520333456708094,11.991505375427447,114.48816116786446
20240728,715,12,556,8,780,113.27522972502642,81.95785625407387,584.7669140208998
20240728,518,12,952,11,198,12.049648625276795,10.044784609765221,175.905566764958
20240728,233,12,728,16,587,28.524464363426326,77.92166539087248,480.5538702457012
20240728,15,12,911,18,367,14.686858167577393,24.764870082443107,327.5482717499795
20240728,220,12,687,15,945,129.79059343070244,51.850616958372456,763.3587896109251
20240728,617,12,267,8,283,36.36062810213227,16.38981784289358,230.24955405497417
20240728,279,12,469,12,728,106.45103161045857,89.8471308598479,531.7018375296935
20240728,675,12,799,4,557,22.256716457644306,42.26287831180291,492.4804052305528
20240728,963,12,630,7,501,28.023540599924686,35.69507609240986,437.28138330766546
20240728,50,12,995,14,764,101.4491086860112,39.859793832364815,622.691097481624
20240728,930,12,454,2,959,52.47830741025502,60.80927417939725,845.7124184103477
20240728,557,12,606,12,921,43.926699954161364,52.69165585084504,824.3816441949936
20240728,392,12,339,12,736,43.234772759116126,63.31302334469422,629.4522038961896
20240728,345,12,828,3,412,53.18120660700481,48.541283459826424,310.27750993316874
20240728,63,12,270,14,768,90.55523701791202,64.54233492911337,612.9024280529746
20240728,300,12,88,4,690,50.741173090421206,46.48311095184954,592.7757159577293
20240728,356,12,542,12,934,39.81228865778714,114.59637613865807,779.5913352035548
20240728,117,12,875,3,990,93.93970635231437,67.54959227043447,828.5107013772512
20240728,251,12,561,11,499,61.77393200682947,37.67592044297064,399.5501475501999
20240728,517,12,483,13,961,75.13001382557738,63.52729864485259,822.34268752957
20240728,677,12,393,16,840,61.17438103283812,114.17652226874928,664.6490966984126
20240728,882,12,403,9,535,63.5076631131581,34.73038010903064,436.7619567778113
20240728,264,12,588,5,905,59.22987526835132,68.54070938902677,777.2294153426219
20240728,528,12,15,5,243,30.476812462237326,19.82212437722837,192.70106316053432
20240728,444,12,836,13,159,9.900056023718752,14.635889249171154,134.4640547271101
20240728,634,12,746,19,835,80.96062375903006,98.19123304271031,655.8481431982597
20240728,637,12,595,19,674,68.60245998207292,83.2893690486023,522.1081709693248
20240728,741,12,655,11,447,13.463380484892125,33.05528449576735,400.4813350193405
20240728,910,12,671,17,620,52.5846066185847,74.68527622680071,492.7301171546146
20240728,324,12,648,10,645,88.24275830169665,36.157999092584035,520.5992426057193
20240728,995,12,752,16,120,3.0163767993980444,7.144437181670204,109.83918601893176
20240728,971,12,7,16,367,22.546597502343328,53.479689877728354,290.97371261992834
20240728,39,12,331,10,332,26.95241384181376,49.341990639002034,255.70559551918421
20240728,667,12,508,20,900,54.94488266189697,119.19000023498849,725.8651171031145
20240728,222,12,766,9,200,11.11113656247488,24.67089149787693,164.21797193964818
20240728,966,12,813,11,477,46.61374656234357,67.98179591699157,362.4044575206649
20240728,140,12,615,15,117,11.447649619791378,13.27408898111721,92.2782613990914
20240728,731,12,893,15,725,95.96587822500025,44.713215550340955,584.3209062246588
20240728,552,12,141,17,766,113.46851004456731,95.81088256670641,556.7206073887263
20240728,179,12,880,3,668,92.485438484575,46.62654866213199,528.888012853293
20240728,352,12,350,12,736,98.19873896043319,64.73692498012296,573.0643360594438
20240728,208,12,351,4,801,59.66255709098411,56.09463651124474,685.2428063977711
20240728,583,12,993,13,125,16.12781530235788,8.643882291823727,100.2283024058184
20240728,623,12,709,15,437,54.003305156074916,35.847304149069124,347.1493906948559
20240728,814,12,912,15,852,113.81845533044734,43.639377460098174,694.5421672094544
20240728,761,12,600,19,717,59.53802697527089,36.8122730899425,620.6496999347867
20240728,178,12,453,19,571,65.21246698069311,57.70528789272497,448.08224512658194
20240728,625,12,173,17,168,5.185734421042536,19.119439675310943,143.69482590364652
20240728,802,12,117,13,903,79.71660867226625,75.93766949718409,747.3457218305497
20240728,430,12,947,3,282,18.30575237084487,37.71902655107199,225.97522107808314
20240728,72,12,75,15,401,35.80048272619823,26.316854694249237,338.8826625795525
20240728,182,12,511,6,650,37.92001667665832,40.40255358483356,571.6774297385082
20240728,332,12,91,17,933,47.00810702741377,50.11984074219562,835.8720522303906
20240728,134,12,60,18,355,35.91158252213455,22.367441549839192,296.72097592802623
20240728,364,12,65,15,722,42.290060880111824,68.91653941213531,610.7933997077529
20240728,442,12,765,4,531,36.13132677411801,55.07415030585307,439.79452292002895
20240728,787,12,497,20,295,12.692165214441335,24.730964261700294,257.57687052385836
20240728,912,12,580,17,760,16.83679701026143,55.74092913189131,687.4222738578472
20240728,204,12,318,5,889,113.70586546459388,76.59617570198354,698.6979588334226
20240728,710,12,186,11,979,93.01227243188922,126.15578518719913,759.8319423809116
20240728,314,12,86,4,613,56.67111495030159,41.04315088938665,515.2857341603118
20240728,528,12,428,7,982,69.04263770471215,123.98157561174676,788.9757866835411
20240728,555,12,778,13,858,85.07696513033275,124.94391034186894,647.9791245277984
20240728,443,12,872,19,228,5.003043668736244,27.49162950715625,195.5053268241075
20240728,204,12,227,14,866,124.39019326498837,104.75793265586276,636.8518740791488
20240728,806,12,859,18,744,93.56085908484262,68.42395221624386,582.0151886989136
20240728,684,12,812,20,847,122.21064450934023,91.14610152084396,633.6432539698158
20240728,559,12,547,16,182,8.996481252508866,26.340217654783913,146.66330109270723
20240728,938,12,276,20,560,79.54621479800849,83.18087584350337,397.27290935848816
20240728,497,12,183,17,122,16.760230717481402,11.054890186930765,94.18487909558783
20240728,326,12,426,15,555,34.69809240997082,42.44626274826389,477.8556448417653
20240728,997,12,21,4,928,123.14207588830146,119.241480059313,685.6164440523855
20240728,830,12,613,4,212,25.257858039343372,20.189826152635582,166.55231580802104
20240728,382,12,66,14,209,9.126351814770329,12.538197744958266,187.33545044027142
20240728,568,12,508,1,361,9.467641427237641,44.62379242357868,306.9085661491837
20240728,796,12,215,14,958,42.31078657385828,73.61668305210739,842.0725303740344
20240728,272,12,758,13,515,46.143422809366996,53.45648652111675,415.40009066951626
20240728,924,12,145,11,711,71.88116230143602,99.3193389178193,539.7994987807447
20240728,792,12,550,20,314,44.22046305976646,28.824788778570642,240.9547481616629
20240728,538,12,657,16,922,87.55439497973455,133.12538987834208,701.3202151419234
20240728,501,12,120,8,289,38.99184913023676,29.75415921515261,220.25399165461062
20240728,328,12,162,10,715,62.80219325464062,61.79949616981308,590.3983105755462
20240728,424,12,792,4,879,112.12722789386657,89.17399652650637,677.6987755796271
20240728,7,12,878,16,884,64.14325297847562,70.10669615446123,749.7500508670631
20240728,417,12,378,8,982,132.42201639087065,71.88431581982273,777.6936677893066
20240728,383,12,285,11,546,44.839595802629795,79.56082543989433,421.5995787574759
20240728,281,12,323,17,633,84.9309517371367,69.90217600821393,478.1668722546494
20240728,309,12,110,6,813,117.90133451259923,71.5408159319715,623.5578495554292
20240728,558,12,101,4,227,17.898008339084182,26.335524116011623,182.7664675449042
20240728,834,12,370,7,598,11.960461176156391,59.949422842270316,526.0901159815733
20240728,899,12,649,16,939,50.92206041111704,82.46754855402948,805.6103910348535
20240728,99,12,497,2,449,50.63011434891091,57.35591280387562,341.0139728472135
20240728,483,12,631,8,864,76.30747025919612,46.93161605415161,740.7609136866522
20240728,350,12,157,7,385,42.32564916598405,22.93775400049624,319.7365968335197
20240728,26,12,408,1,658,35.55812439664618,71.85331324963877,550.588562353715
20240728,466,12,3,6,667,66.1341006263092,42.56451295086725,558.3013864228235
20240728,237,12,888,17,344,28.626905973208704,41.99525520609816,273.3778388206931
20240728,471,12,105,8,133,6.823337017437745,9.192735781171653,116.9839272013906
20240728,383,12,465,4,429,60.242156847597535,37.12062428592102,331.6372188664815
20240728,909,12,239,19,752,91.5164945974141,103.27835029158521,557.2051551110007
20240728,271,12,783,12,436,16.51373148323661,59.93313886313634,359.553129653627
20240728,789,12,150,20,112,12.811535088100177,9.134185438878617,90.05427947302121
20240728,603,12,172,16,756,46.09256653412699,41.00911626599365,668.8983171998793
20240728,865,12,486,16,175,22.130203961809624,11.464928098870782,141.4048679393196
20240728,499,12,146,8,198,19.794541044992297,29.006368185794177,149.1990907692135
20240728,480,12,913,11,305,7.674105697950953,36.887676719631706,260.43821758241734
20240728,322,12,766,17,614,66.74018383276147,47.55920034143064,499.70061582580786
20240728,17,12,387,10,723,80.17156262318869,63.49682575481459,579.3316116219967
20240728,882,12,37,2,664,64.92716265909615,96.48172085924377,502.5911164816601
20240728,844,12,295,6,352,8.629281389501031,52.51567592234227,290.8550426881567
20240728,819,12,912,2,990,118.18143814692009,107.99484490816299,763.8237169449169
20240728,744,12,640,3,466,65.62144716981948,39.112861382663475,361.26569144751704
20240728,625,12,944,16,605,63.19686849471213,89.33335416350315,452.4697773417847
20240728,354,12,546,18,809,49.75345732751858,60.64973776501019,698.5968049074712
20240728,444,12,981,2,880,69.7901844328338,118.86757195239525,691.342243614771
20240728,69,12,412,20,349,7.603675750673287,33.29666283827284,308.0996614110539
20240728,209,12,116,4,444,23.785212074032923,39.49068893082964,380.7240989951374
20240728,518,12,713,6,883,42.31935522741988,83.41556025227923,757.2650845203009
20240728,784,12,94,18,690,21.385747044372106,52.78860017664184,615.8256527789861
20240728,660,12,162,2,681,61.17334446573331,98.6824428311025,521.1442127031642
20240728,19,12,2,13,632,35.245021147796216,34.13561248821952,562.6193663639842
20240728,144,12,933,14,112,13.763848331066704,10.285138112843294,87.95101355609
20240728,745,12,778,7,698,18.984786422453332,97.9551997015362,581.0600138760104
20240728,542,12,485,13,647,80.25930985020867,50.210980741980705,516.5297094078106
20240728,325,12,541,12,579,13.28270893577476,83.62099941602969,482.0962916481956
20240728,864,12,469,9,196,28.438071406661788,28.503439644598146,139.05848894874006
20240728,893,12,967,19,511,74.78884361359947,47.19569317312124,389.0154632132793
20240728,738,12,754,5,850,110.33474047453232,120.39659360732354,619.2686659181442
20240728,353,12,80,1,437,11.396490818190257,34.60027420623619,391.00323497557355
20240728,616,12,136,20,585,65.12775441950335,67.53073879904028,452.34150678145636
20240728,177,12,485,17,235,8.409894137970227,14.51530644137384,212.07479942065595
20240728,298,12,207,6,160,23.718212574387184,13.296194178699546,122.98559324691327
20240728,731,12,727,13,230,27.774177688346263,30.16862272594963,172.0571995857041
20240728,449,12,19,14,872,32.35552303142545,115.72426966745626,723.9202073011184
20240728,230,12,179,16,258,37.258018452273234,15.374784030293903,205.36719751743286
20240728,602,12,321,15,298,17.73218691552104,35.26075132357855,245.0070617609004
20240728,455,12,587,9,254,20.315177905843637,19.743742872844265,213.9410792213121
20240728,661,12,267,10,531,37.96606950853282,67.39607571394363,425.63785477752356
20240728,287,12,539,10,820,45.07429466259286,54.914934841461495,720.0107704959456
20240728,70,12,423,10,388,40.10073289253807,53.309423156806886,294.58984395065505
20240728,889,12,747,7,819,102.33133737318335,55.79386200935067,660.874800617466
20240728,900,12,985,8,203,10.625378055993849,13.703069582066975,178.67155236193918
20240728,802,12,650,7,356,7.958880592380669,41.57301677443942,306.4681026331799
20240728,947,12,732,12,987,105.1138625435522,146.35611647162122,735.5300209848266
20240728,786,12,809,17,773,70.59819739539083,45.7899968894073,656.6118057152019
20240728,81,12,249,5,724,83.7380395168683,89.82279010518423,550.4391703779474
20240728,108,12,812,2,520,77.76062517463313,39.69359988924557,402.5457749361213
20240728,739,12,471,15,762,39.354423858500674,101.45110037122024,621.194475770279
20240728,224,12,27,1,140,16.302505598798575,18.479763571702613,105.2177308294988
20240728,3,12,141,13,861,55.45885571369201,47.13076691286253,758.4103773734455
20240728,224,12,277,2,288,20.451465636571804,37.11598320102141,230.43255116240678
20240728,886,12,622,16,584,32.082335687955606,44.93464851265205,506.9830157993923
20240728,805,12,471,6,625,86.57303476502177,39.27506829884054,499.1518969361377
20240728,908,12,741,11,993,89.91250365605671,60.27933033169091,842.8081660122524
20240728,13,12,57,3,575,71.72271956893964,43.77924655479586,459.4980338762645
20240728,482,12,662,7,236,19.990541675448114,24.165627625305028,191.84383069924687
20240728,580,12,339,3,700,63.40993830137091,93.39613323424312,543.193928464386
20240728,839,12,962,19,316,10.04042388419273,26.50927473727481,279.45030137853246
20240728,230,12,78,8,737,18.06065547184228,65.59124028215129,653.3481042460064
20240728,722,12,521,17,702,85.43960317464233,46.433988380545586,570.1264084448121
20240728,862,12,809,2,744,26.89856795806565,78.51533464059459,638.5860974013398
20240728,376,12,841,6,719,58.50164303504672,95.70966148568081,564.7886954792725
20240728,51,12,51,10,241,23.19984320493564,19.49557853271101,198.30457826235335
20240728,204,12,855,11,862,67.04931256233105,81.74988118866975,713.2008062489992
20240728,423,12,578,10,411,41.942826571784586,29.279334536251483,339.77783889196394
20240728,574,12,348,20,816,52.2781586171693,45.711803764294615,718.0100376185361
20240728,298,12,707,10,647,76.82316504596625,48.11026129288106,522.0665736611527
20240728,782,12,639,2,862,35.32371815934212,96.76054399733519,729.9157378433226
20240728,939,12,240,8,318,40.109515172713536,33.711285463811045,244.17919936347542
20240728,968,12,834,8,612,86.65493435927561,84.22423560946552,441.12083003125883
20240728,201,12,765,11,636,85.37931334628902,88.79832810649764,461.82235854721335
20240728,986,12,917,1,313,29.73014890494272,31.508050801035264,251.761800294022
20240728,446,12,107,4,478,18.883710567994783,34.97295148343144,424.1433379485738
20240728,972,12,578,8,751,76.54056859393502,39.96842310108732,634.4910083049776
20240728,240,12,887,4,594,84.57865777718536,61.21725963525837,448.2040825875563
20240728,94,12,456,1,894,34.76816757671873,63.92633293252091,795.3054994907603
20240728,414,12,248,3,205,25.220166797314942,13.423212639433853,166.3566205632512
20240728,587,12,820,8,310,12.377120411415772,26.18435257420632,271.4385270143779
20240728,991,12,794,19,816,93.06469675486093,50.91667552782872,672.0186277173103
20240728,775,12,789,15,531,25.3995642801971,55.42426013572533,450.17617558407755
20240728,813,12,677,17,946,115.4408478292333,102.35327169447353,728.2058804762931
20240728,732,12,397,18,542,77.5569728696283,73.41518957614186,391.02783755422985
20240728,802,12,65,18,440,35.15801873932441,37.17579529069947,367.66618596997614
20240728,465,12,547,2,563,27.713648794412595,74.09298000043346,461.19337120515394
20240728,406,12,761,19,597,57.88538098502899,71.3602924291433,467.7543265858277
20240728,255,12,774,13,706,52.05207599904634,35.38985556311098,618.5580684378426
20240728,24,12,900,18,707,19.388858534625403,54.53760689087665,633.0735345744979
20240728,255,12,355,1,192,11.193503216434667,26.57522368799729,154.23127309556804
20240728,889,12,695,18,949,37.66588140908631,66.18833018191795,845.1457884089957
20240728,592,12,988,7,151,18.17818783905067,13.411091080445955,119.41072108050338
20240728,51,12,356,16,898,107.75426452152806,55.31866318593315,734.9270722925388
20240728,265,12,449,6,255,21.060588626147517,21.469615288908113,212.46979608494436
20240728,774,12,185,1,469,47.28680412083436,33.745737961579295,387.96745791758633
20240728,478,12,364,9,405,26.96465695560495,39.68073813513267,338.3546049092624
20240728,344,12,859,2,172,22.962819083874578,23.75308577377995,125.28409514234548
20240728,164,12,353,4,625,93.18345338730752,59.803068408488244,472.01347820420426
20240728,556,12,369,4,580,47.601201975346804,71.52818135488519,460.87061666976797
20240728,262,12,120,17,956,101.66954480980037,63.564815159574806,790.7656400306248
20240728,931,12,315,15,392,47.505986772533575,32.57146281053806,311.9225504169284
20240728,829,12,900,8,189,16.52064548246883,16.186338390902595,156.29301612662857
20240728,732,12,746,2,359,50.53285691399342,20.131274734470253,288.3358683515363
20240728,552,12,829,1,252,37.604214205492774,21.265476091373014,193.13030970313423
20240728,486,12,287,11,519,13.798043829542017,71.29224073741196,433.909715433046
20240728,843,12,679,2,381,54.26430546557938,51.71846986637153,275.0172246680491
20240728,75,12,483,7,514,15.120845791645213,43.63316672682459,455.24598748153016
20240728,68,12,886,5,696,25.387716366382868,88.68023113300558,581.9320525006116
20240728,313,12,763,16,810,88.23520234999573,109.9704797388479,611.7943179111564
20240728,39,12,674,5,837,71.39891297653216,101.40575603508934,664.1953309883785
20240728,287,12,30,6,327,34.3863143274496,18.83370360599181,273.7799820665586
20240728,101,12,330,4,407,23.37768304505528,43.59265083379638,340.02966612114835
20240728,264,12,577,7,390,29.920397681510828,41.24331967372897,318.8362826447602
20240728,667,12,811,7,243,7.572259510668557,13.74950129288189,221.67823919644957
20240728,392,12,123,5,218,27.134293541114232,26.974930845122092,163.89077561376368
20240728,487,12,793,8,823,20.70182046645204,93.67609232005556,708.6220872134924
20240728,884,12,678,9,753,57.78972256166338,75.69724329382953,619.5130341445071
20240728,607,12,298,7,302,25.544339451147,34.67008248674226,241.78557806211074
20240728,638,12,181,8,159,11.551105688221524,8.74763585985855,138.70125845191993
20240728,413,12,73,5,635,92.27724163127114,59.52317878302447,483.1995795857044
20240728,981,12,364,2,977,46.15460257251263,92.09531907209147,838.7500783553959
20240728,316,12,364,16,594,21.134284904804908,42.78313434804536,530.0825807471497
20240728,120,12,956,4,508,35.412961888396204,31.354090840643792,441.23294727096004
20240728,386,12,35,11,473,65.06806615645567,29.569453947488167,378.36247989605613
20240728,842,12,855,12,216,15.803709150394395,12.452599502579003,187.7436913470266
20240728,911,12,655,7,992,123.27743125381235,105.37227582449758,763.3502929216901
20240728,487,12,779,17,585,69.49032975618925,34.487142889631876,481.02252735417886
20240728,768,12,735,10,494,68.66743147903857,61.6688035917482,363.66376492921324
20240728,442,12,86,15,302,12.146294197037534,32.01809381149429,257.83561199146817
20240728,600,12,123,15,577,53.82676845576073,71.15227647106578,452.02095507317347
20240728,239,12,135,10,961,69.81781180087117,97.56180837658165,793.6203798225472
20240728,283,12,604,8,533,12.882248162688523,78.96232475166961,441.15542708564186
20240728,673,12,261,4,235,12.408234429740997,18.126420316225214,204.4653452540338
20240728,135,12,982,2,299,21.76362429434519,36.14252212601833,241.0938535796365
20240728,331,12,797,16,544,60.13363112164885,79.89473514465621,403.97163373369494
20240728,508,12,733,8,201,28.994070540976157,26.337121407096834,145.66880805192702
20240728,75,12,841,13,556,25.657423007614632,44.913711251619,485.42886574076635
20240728,833,12,908,10,691,38.51735578001889,96.29028311637576,556.1923611036053
20240728,606,12,833,11,242,35.91469951536525,34.54941244443286,171.53588804020188
20240728,1000,12,811,9,966,42.160813043970364,62.77447573875544,861.0647112172742
20240728,350,12,543,15,296,12.807400534853262,21.767512081869825,261.42508738327695
20240728,54,12,78,11,929,108.27765287225532,84.31378344070757,736.4085636870371
20240728,437,12,136,9,737,16.375979720682146,86.80814306133594,633.8158772179819
20240728,65,12,529,5,148,7.973965940226602,14.174409619759436,125.85162444001396
20240728,738,12,319,20,953,136.1260933913688,57.64048579329289,759.2334208153383
20240728,105,12,844,1,218,29.58454332031212,17.53701705159584,170.87843962809205
20240728,99,12,163,5,924,82.17992400935316,85.28169385163089,756.538382139016
20240728,114,12,527,15,519,14.263861116834493,35.74001244828519,468.9961264348803
20240728,796,12,655,20,804,16.141046148303744,118.04536178252587,669.8135920691705
20240728,578,12,13,4,427,56.10440293712213,40.21611275865111,330.6794843042268
20240728,790,12,436,17,241,13.116399755203359,34.7295689184045,193.15403132639213
20240728,638,12,189,16,230,25.50032740131575,17.00123766519455,187.4984349334897
20240728,412,12,281,20,915,26.566369164521525,106.34219730980993,782.0914335256685
20240728,122,12,471,18,895,91.8395992315797,78.50033678148063,724.6600639869397
20240728,324,12,235,11,278,8.95263996984932,15.30275270930537,253.74460732084532
20240728,823,12,891,10,800,98.40529636736662,101.35975087064786,600.2349527619856
20240728,134,12,593,2,616,46.472422384911795,67.89882217680317,501.62875543828505
20240728,427,12,396,5,296,36.06509138948496,34.89116002047036,225.0437485900447
20240728,898,12,464,17,974,116.83776063236006,93.92628798899463,763.2359513786453
20240728,906,12,847,5,144,20.85302314637267,20.721025176209857,102.42595167741747
20240728,565,12,348,3,720,59.65643877178843,62.31344086563432,598.0301203625772
20240728,408,12,229,12,734,31.035041429920035,82.43703172987497,620.527926840205
20240728,381,12,193,11,319,18.306046012810317,35.59994022870752,265.09401375848216
20240728,441,12,26,8,802,58.050865763155635,103.96766223912124,639.9814719977231
20240728,602,12,422,11,769,45.77986223945005,99.06091083424779,624.1592269263022
20240728,949,12,625,8,984,115.82282782919543,64.43715480411396,803.7400173666906
20240728,593,12,721,13,338,8.99281479860047,46.02367473391017,282.98351046748934
20240728,722,12,813,10,361,36.82561594738416,45.46864930431599,278.70573474829985
20240728,345,12,723,10,552,38.63358825488009,70.54414691184107,442.82226483327884
20240728,687,12,728,18,799,102.74031562011444,118.09712707726844,578.1625573026172
20240728,162,12,196,12,521,44.865894878129225,44.870830685445675,431.2632744364251
20240728,436,12,442,4,250,30.061083944200355,35.01581221611795,184.9231038396817
20240728,715,12,879,18,136,9.310789311576215,18.030378175395253,108.65883251302853
20240728,355,12,956,15,100,8.199089198838342,11.34474758945595,80.4561632117057
20240728,371,12,262,14,196,7.74935150344581,22.383861073379215,165.86678742317497
20240728,95,12,539,1,745,62.038411100008204,103.82010367524921,579.1414852247426
20240728,500,12,923,20,852,49.959121302989516,121.04865870262118,680.9922199943893
20240728,931,12,897,14,104,8.781676590179005,12.069414124227924,83.14890928559308
20240728,284,12,537,18,463,10.075431195692275,28.114887971650333,424.80968083265736
20240728,278,12,410,1,877,18.18168985565789,61.69343502377024,797.1248751205719
20240728,958,12,54,7,864,27.524542007227417,79.24896594378679,757.2264920489858
20240728,96,12,256,11,169,14.201531559812056,19.355603702832514,135.44286473735542
20240728,191,12,48,7,309,36.567391075493966,31.289704411192528,241.1429045133135
20240728,874,12,921,15,411,37.85068222437755,61.235121627092276,311.9141961485302
20240728,344,12,239,17,545,22.556785284859785,56.484458986478394,465.9587557286618
20240728,968,12,496,4,444,10.695728387294759,33.23201628266442,400.07225533004083
20240728,558,12,519,20,649,87.48992972478679,89.72758762680235,471.78248264841085
20240728,583,12,997,7,859,71.60095108940952,66.58176231958245,720.817286591008
20240728,369,12,206,8,784,96.39510676994732,63.96853656423011,623.6363566658226
20240728,434,12,568,4,816,101.83580228622262,78.7341001453249,635.4300975684525
20240728,938,12,730,1,895,105.68925139786218,131.01332477072896,658.2974238314089
20240728,145,12,888,9,667,86.31702934620859,76.87518406680547,503.8077865869859
20240728,131,12,757,4,186,20.90922627734457,23.53537975206899,141.55539397058644
20240728,284,12,212,12,558,48.90104520082956,36.655707983797996,472.44324681537245
20240728,634,12,786,10,985,145.0053593320189,106.9768049177047,733.0178357502764
20240728,592,12,446,8,965,76.23883483865963,140.4235370463817,748.3376281149586
20240728,607,12,150,5,892,72.02150350780173,55.907819574921504,764.0706769172767
20240728,12,12,614,16,224,19.453180241202475,20.467575988261654,184.07924377053587
20240728,198,12,115,4,573,40.36900973424429,41.986383938848284,490.6446063269074
20240728,626,12,570,16,168,3.745296955280034,23.374407591329526,140.88029545339043
20240728,177,12,202,1,842,66.8658052605211,113.07825103308187,662.0559437063971
20240728,82,12,115,1,701,29.633918024408636,103.6187858170335,567.7472961585579
20240728,211,12,276,8,302,43.40003419291132,21.914460493723453,236.68550531336524
20240728,870,12,94,3,635,50.60308138568752,48.031956289279,536.3649623250335
20240728,697,12,571,16,449,63.21075614871213,52.421159494445206,333.3680843568427
20240728,503,12,324,6,498,60.55056899547531,35.70315112293731,401.7462798815874
20240728,720,12,735,7,901,60.70920129004532,84.9145595823047,755.37623912765
20240728,788,12,307,12,636,82.65461106222014,45.538519119096016,507.8068698186838
20240728,933,12,344,18,998,138.80717702559096,89.72207536127421,769.4707476131348
20240728,264,12,221,7,998,55.74153912062452,79.09034107941626,863.1681197999592
20240728,414,12,79,3,836,46.743301461778096,60.83682233229706,728.4198762059249
20240728,471,12,452,20,106,3.5373062469583942,5.5139233118281945,96.94877044121341
20240728,399,12,251,2,556,60.98400192860202,79.91105029046166,415.1049477809363
20240728,231,12,129,16,637,12.912940169038666,65.61466550179759,558.4723943291638
20240728,954,12,680,17,883,80.50443573951681,57.593196703108916,744.9023675573743
20240728,892,12,728,10,693,17.656778563423273,47.77669695611463,627.5665244804621
20240728,875,12,320,6,475,68.7754604426018,61.13903306767289,345.0855064897253
20240728,226,12,25,16,592,64.70177576367031,82.47277278523092,444.8254514510988
20240728,601,12,436,18,832,77.73987139265849,78.66675300211215,675.5933756052293
20240728,61,12,277,8,185,7.3482639216301235,18.412625399642035,159.23911067872785
20240728,177,12,331,1,321,39.10231425628976,29.152438145067897,252.74524759864235
20240728,747,12,279,3,170,17.306975619704787,21.168289453821206,131.52473492647403
20240728,738,12,433,20,591,39.101624990602375,51.980100207267455,499.91827480213016
20240728,857,12,139,19,290,30.02709366271172,15.379531800315469,244.59337453697282
20240728,69,12,843,5,311,14.61349641618365,29.3073585728798,267.07914501093654
20240728,169,12,101,5,970,101.36602810471291,62.63374230923269,806.0002295860544
20240728,115,12,406,2,284,17.96149740403757,18.493381000023916,247.5451215959385
20240728,489,12,880,13,572,21.63495833391817,57.35577466021054,493.00926700587127
20240728,554,12,446,5,873,18.365701851945325,52.17642760101363,802.457870547041
20240728,360,12,865,15,805,118.79645546512909,98.98471581757441,587.2188287172964
20240728,215,12,508,5,143,20.735183752648386,8.781156917380205,113.4836593299714
20240728,679,12,935,15,879,71.44440505763326,121.94980316755262,685.6057917748142
20240728,497,12,914,20,316,31.513718017189017,15.929511230444387,268.5567707523666
20240728,664,12,978,10,196,4.761788323240862,25.662281592736328,165.57593008402281
20240728,468,12,354,17,509,57.47173124484677,27.254071452055307,424.27419730309794
20240728,486,12,639,5,980,142.66853235299632,93.387062514361,743.9444051326427
20240728,296,12,647,16,539,75.99115003885682,62.22975457830415,400.77909538283905
20240728,179,12,292,7,525,17.59642391555261,68.5160867110319,438.8874893734155
20240728,565,12,991,3,416,17.12610566437858,39.615545441767175,359.25834889385425
20240728,512,12,631,14,190,7.658257967434214,17.61410792983326,164.72763410273254
20240728,549,12,554,8,594,31.374093338882513,43.93745691854511,518.6884497425724
20240728,934,12,393,13,479,50.632055935851085,57.881603492788244,370.48634057136064
20240728,360,12,798,1,691,55.23643776059776,98.80291485679946,536.9606473826028
20240728,269,12,565,19,972,91.00093764950458,54.901510391868584,826.0975519586268
20240728,802,12,340,13,938,122.63260736716839,136.7921588431832,678.5752337896485
20240728,430,12,345,19,449,10.354075480075338,31.727998749817758,406.9179257701069
20240728,911,12,348,10,407,24.691645381982745,54.38028170767326,327.928072910344
20240728,564,12,239,15,187,21.809084150443773,10.59390683786051,154.59700901169572
20240728,902,12,486,11,757,21.051144052530052,52.92059959771862,683.0282563497514
20240728,680,12,635,13,962,84.08139740452273,110.27830356814967,767.6402990273276
20240728,867,12,744,13,387,21.27885528667398,39.90371009417309,325.81743461915295
20240728,188,12,417,4,790,81.87999396232952,67.59748547141727,640.5225205662532
20240728,387,12,909,11,176,5.20520788777995,12.660635252693755,158.13415685952629
20240728,642,12,128,13,710,29.09951606591188,92.74657684346042,588.1539070906277
20240728,182,12,971,20,497,18.875673131103248,35.00606560049094,443.11826126840583
20240728,677,12,779,13,490,69.58087188508622,41.912425988394894,378.5067021265189
20240728,618,12,775,16,260,9.536366774825918,30.86300346811213,219.60062975706194
20240728,531,12,619,9,688,94.23373079155284,95.3371123502186,498.42915685822857
20240728,612,12,232,17,970,41.470611408722455,79.71991974302583,848.8094688482518
20240728,927,12,400,6,189,5.7602084263161375,17.2214398635606,166.01835171012326
20240728,870,12,784,8,512,29.36328744996397,69.55823674909891,413.0784758009371
20240728,197,12,382,7,711,21.14645758656808,76.69593589354425,613.1576065198876
20240728,495,12,710,16,198,22.08838740557229,19.597129659913602,156.3144829345141
20240728,721,12,417,3,948,41.72191717811348,49.38291596807168,856.8951668538149
20240728,437,12,589,7,324,7.429801548078429,20.565347834927845,296.00485061699374
20240728,130,12,183,8,161,21.525589856831516,21.63237976174926,117.84203038141922
20240728,943,12,876,18,636,37.544852823881406,41.04606983549003,557.4090773406285
20240728,929,12,343,7,893,40.08476455525165,81.99479189932978,770.9204435454186
20240728,71,12,102,1,296,37.122742399139014,29.797201539115505,229.0800560617455
20240728,917,12,838,10,968,133.34049089838803,95.90686846039905,738.7526406412129
20240728,866,12,975,14,214,27.539337850466467,20.42287527896485,166.03778687056868
20240728,711,12,919,19,876,34.82787125748046,65.9658713212668,775.2062574212528
20240728,801,12,648,20,539,35.657428469924916,55.96239382521647,447.3801777048586
20240728,154,12,672,16,366,53.528491305352325,45.772241312643956,266.6992673820037
20240728,616,12,471,18,124,3.0182511965050884,10.085610322664257,110.89613848083066
20240728,510,12,128,18,133,15.740403797193757,15.937257000997732,101.32233920180852
20240728,160,12,374,19,866,99.8769065814072,51.20123800779318,714.9218554107996
20240728,142,12,926,19,760,19.691761239679572,83.01781374726107,657.2904250130593
20240728,462,12,788,8,507,64.97860995737652,36.37397880425186,405.6474112383716
20240728,438,12,736,4,358,12.643469922063025,38.73862364311514,306.61790643482186
20240728,569,12,148,20,836,118.67530046932963,106.52814529339905,610.7965542372713
20240728,266,12,635,17,123,5.833641064841969,16.554341308501098,100.61201762665694
20240728,770,12,905,12,781,70.11417060811999,106.60739040256851,604.2784389893116
20240728,731,12,803,9,344,34.55151013296011,45.80739444859148,263.6410954184484
20240728,559,12,358,19,833,108.6154408426317,44.03097446357264,680.3535846937957
20240728,536,12,494,15,593,25.333557748236935,53.210578415045354,514.4558638367178
20240728,196,12,24,11,837,71.79584824774842,101.68094742219165,663.5232043300599
20240728,561,12,347,10,170,19.106099275693367,21.123116501322922,129.7707842229837
20240728,745,12,315,20,736,25.371295298734985,71.23337366699876,639.3953310342663
20240728,956,12,581,7,338,9.32376095005831,48.7775508463466,279.8986882035951
20240728,148,12,874,5,986,124.45519355607529,106.53827057106179,755.006535872863
20240728,761,12,506,12,990,50.020521145719016,147.29389104368082,792.6855878106002
20240728,864,12,877,10,108,15.93076237108857,14.69120634029475,77.37803128861668
20240728,254,12,812,2,678,22.940996359259945,100.49302768501329,554.5659759557268
20240728,849,12,810,10,872,122.3402976419897,106.02671797484072,643.6329843831695
20240728,462,12,539,4,625,90.1718491856058,49.96854916457628,484.85960164981793
20240728,752,12,520,13,714,89.5662055547482,104.94443926086878,519.489355184383
20240728,588,12,441,9,408,37.45320347592788,52.00151878886397,318.5452777352082
20240728,701,12,879,7,563,73.51250976982244,76.56337080020313,412.92411942997444
20240728,345,12,997,8,960,48.08730580899103,95.13476413991198,816.777930051097
20240728,279,12,108,2,569,73.99915425934763,58.2114188083868,436.78942693226554
20240728,602,12,574,17,435,15.096610434520876,25.063768216603577,394.83962134887554
20240728,722,12,989,2,520,53.153825630273076,46.16517250490396,420.681001864823
20240728,720,12,87,17,486,41.52502102887651,34.988298261397425,409.4866807097261
20240728,332,12,268,7,265,18.481400772870447,36.802244052199754,209.7163551749298
20240728,175,12,626,17,698,103.35851706925865,85.83031250305687,508.8111704276845
20240728,414,12,30,11,785,78.84940154814718,51.96231621080767,654.1882822410452
20240728,936,12,565,3,650,77.40798823395026,38.120477769894286,534.4715339961555
20240728,782,12,52,6,399,43.04880844511415,42.032461455222695,313.91873009966315
20240728,671,12,593,10,306,20.961150749603046,15.965278026430905,269.07357122396604
20240728,66,12,812,12,372,17.396755482861632,24.280057115694543,330.3231874014438
20240728,268,12,84,18,961,31.0016289922825,101.69097411800954,828.307396889708
20240728,686,12,1000,10,578,31.55170054640231,55.26205714135153,491.1862423122462
20240728,984,12,782,20,292,30.718589925048832,42.79592191874602,218.48548815620515
20240728,890,12,231,16,673,33.2214640514188,65.18527664914157,574.5932592994396
20240728,645,12,505,18,405,58.41756161261067,54.0403390917746,292.5420992956147
20240728,912,12,79,11,981,84.79577178266942,125.79616967822949,770.4080585391011
20240728,332,12,805,19,128,4.937765608430004,12.43635545617494,110.62587893539506
20240728,380,12,643,6,633,87.80774505862443,75.41536341497957,469.776891526396
20240728,717,12,889,5,460,43.00060593657332,29.859108427247243,387.14028563617944
20240728,83,12,884,10,202,25.80777076005078,16.622619774449568,159.56960946549964
20240728,354,12,304,8,439,47.75490704085327,28.260851842681067,362.9842411164657
20240728,168,12,994,7,834,74.76431929400819,95.73812430832992,663.4975563976619
20240728,33,12,1000,14,114,3.285480611296251,16.637323591699474,94.07719579700428
20240728,349,12,362,18,952,64.11223359258582,67.91602426885458,819.9717421385596
20240728,596,12,989,3,177,26.196051482880424,12.265346403861113,138.53860211325846
20240728,995,12,816,12,577,54.01471065467362,78.47420671371457,444.5110826316118
20240728,504,12,405,1,575,40.13472129742312,73.67296091799854,461.19231778457834
20240728,775,12,33,20,381,15.329584293849667,25.363586868297133,340.30682883785323
20240728,913,12,794,6,662,52.2419101008095,97.14810398388808,512.6099859153024
20240728,573,12,750,19,818,37.615479033142236,46.35851239680769,734.0260085700501
20240728,760,12,691,17,506,71.4620032703527,63.955914451949766,370.5820822776975
20240728,912,12,607,17,570,21.317254867885655,36.05382570649679,512.6289194256176
20240728,125,12,310,6,179,9.794142295964031,24.994224553405807,144.21163315063018
20240728,16,12,741,15,278,8.896741720027219,23.792308912019966,245.31094936795282
20240728,921,12,389,9,899,85.22236605000468,61.13194057357683,752.6456933764184
20240728,637,12,949,4,479,12.728947593389856,62.64446735822842,403.62658504838174
20240728,566,12,299,15,663,31.542746049682236,40.08115132013315,591.3761026301846
20240728,289,12,185,14,123,10.150317296478548,10.363742255453067,102.48594044806839
20240728,706,12,361,9,599,44.51905966354493,65.82602569413571,488.65491464231934
20240728,881,12,598,5,539,61.04214570556456,27.37499755218945,450.582856742246
20240728,887,12,299,13,156,22.69876783162119,8.182498110966877,125.11873405741193
20240728,907,12,933,5,382,39.46647336940518,19.386334171074832,323.14719245952
20240728,429,12,649,9,314,23.156357266817654,23.22239628324839,267.62124644993395
20240728,140,12,749,18,553,69.54208155622253,38.66676902236028,444.79114942141723
20240728,31,12,339,16,412,21.369435018160026,38.43475295967,352.19581202217
20240728,504,12,360,7,357,53.117376078414075,37.01809801048703,266.8645259110989
20240728,127,12,658,13,183,21.870220970260014,10.852979887541736,150.27679914219826
20240728,492,12,369,9,181,5.509469802612861,19.111527127731033,156.3790030696561
20240728,943,12,536,1,988,82.31615373100615,96.35842463474695,809.3254216342468
20240728,720,12,908,11,668,23.432564433578026,51.02878088586267,593.5386546805593
20240728,603,12,878,11,518,17.2082746520373,68.96961131240865,431.822114035554
20240728,169,12,849,4,158,4.046999178904505,21.26516603022384,132.68783479087165
20240728,503,12,73,9,109,6.898002780558507,9.216208515563913,92.88578870387758
20240728,47,12,317,15,342,49.68581326765996,33.24998491356444,259.0642018187756
20240728,745,12,99,17,844,91.73279228808825,124.8096414214906,627.4575662904211
20240728,514,12,776,5,577,16.713078160647882,84.97982888593634,475.3070929534158
20240728,774,12,149,10,394,38.35871370840912,53.83728539653469,301.8040008950562
20240728,4,12,853,14,302,14.298154881904932,40.2593496879384,247.44249543015667
20240728,746,12,89,16,597,57.19663582171292,46.4544965983321,493.34886757995497
20240728,483,12,251,20,385,49.800918610777934,19.425119849617136,315.7739615396049
20240728,347,12,283,7,713,54.809870189340096,104.4483956309632,553.7417341796967
20240728,153,12,848,8,369,47.681103786155795,21.256531572773657,300.06236464107053
20240728,502,12,388,3,181,22.03021665552368,11.528912447215781,147.44087089726054
20240728,584,12,728,11,573,13.809023576932475,48.67182414741576,510.5191522756518
20240728,26,12,842,6,654,19.625883608788083,32.899329273405314,601.4747871178066
20240728,327,12,145,15,738,36.63070228160164,53.158938893843306,648.210358824555
20240728,679,12,267,10,732,43.07623490819902,67.28746276389515,621.6363023279058
20240728,5,12,626,12,257,25.031136456253424,34.463646641612925,197.50521690213367
20240728,755,12,774,3,776,89.30226876170273,72.43996777058713,614.2577634677101
20240728,935,12,672,20,325,45.10316007088002,45.65207834477004,234.24476158434993
20240728,325,12,855,2,418,32.831613321181834,52.823801908551175,332.344584770267
20240728,498,12,756,5,901,62.64511260309405,104.13878186910789,734.216105527798
20240728,177,12,813,13,711,81.2182817210233,85.44416642720732,544.3375518517694
20240728,821,12,977,17,408,57.1864063434596,47.12891348055234,303.6846801759881
20240728,503,12,13,4,116,5.727772306405382,14.496262507970743,95.77596518562387
20240728,74,12,927,16,978,138.43416207349512,57.38858363089372,782.1772542956112
20240728,869,12,594,7,640,52.97695265849592,56.71012868985802,530.3129186516461
20240728,322,12,262,20,425,14.617986648011993,44.17958330542235,366.20243004656567
20240728,1,12,210,16,401,46.3051726768448,26.80116554136517,327.89366178179
20240728,522,12,79,20,347,14.352605982673582,21.770301597723435,310.877092419603
20240728,396,12,187,17,311,14.092743897474099,33.55455125082364,263.35270485170224
20240728,331,12,562,20,124,14.943596525800782,11.62738071740018,97.42902275679904
20240728,308,12,844,20,877,129.71278381774692,124.18118170193438,623.1060344803187
20240728,19,12,488,3,237,33.53438260610527,14.367527531566035,189.0980898623287
20240728,66,12,620,20,146,21.535025613838812,10.192442399444879,114.2725319867163
20240728,401,12,770,11,883,84.43029366038448,77.69002568551014,720.8796806541054
20240728,831,12,178,18,141,9.444670060468336,12.762843465119122,118.79248647441254
20240728,417,12,809,8,928,135.58336135456327,122.56351684064853,669.8531218047882
20240728,456,12,389,14,783,50.97567094778295,101.84657971041895,630.1777493417981
20240728,911,12,754,8,513,51.48454225639209,27.39212772954785,434.12333001406006
20240728,224,12,72,13,250,24.238781171676987,15.994063954798483,209.76715487352453
20240728,987,12,827,17,128,16.427763466456017,18.713785148197537,92.85845138534644
20240728,877,12,842,7,241,18.613747543957757,31.207029597921466,191.1792228581208
20240728,952,12,121,3,870,53.85108821138938,68.60764652622905,747.5412652623816
20240728,817,12,296,19,952,34.2346456771033,132.79364860741595,784.9717057154808
20240728,110,12,233,3,770,69.8476384896633,108.83100914207552,591.3213523682612
20240728,81,12,346,12,849,26.077625051591134,106.60180011473966,716.3205748336692
